nama,jawatan,kategori,zon,email
Pegawai Contoh 1,Juruteknik Komputer,JTK,ZON 1,pegawai1@example.invalid
Pegawai Contoh 2,Penolong Pegawai Teknologi Maklumat,PPTM,ZON 2,pegawai2@example.invalid
Pegawai Contoh 3,Juruteknik Komputer,JTK,ZON 3,pegawai3@example.invalid
Pegawai Contoh 4,Penolong Pegawai Teknologi Maklumat,PPTM,ZON 4,pegawai4@example.invalid
Pegawai Contoh 5,Juruteknik Komputer,JTK,ZON 5,pegawai5@example.invalid
Pegawai Contoh 6,Penolong Pegawai Teknologi Maklumat,PPTM,ZON 6,pegawai6@example.invalid
Pegawai Contoh 7,Juruteknik Komputer,JTK,ZON 7,pegawai7@example.invalid
Pegawai Contoh 8,Penolong Pegawai Teknologi Maklumat,PPTM,ZON 8,pegawai8@example.invalid
Penyelaras Contoh,Penyelaras Juruteknik Komputer,JTK,ZON PPD,penyelaras@example.invalid
