nama,kod,zon,kategori,lat,lng,jarak_km
SK CONTOH 1,EX001,ZON 1,SK,3.150100,101.680100,5.2
SK CONTOH 2,EX002,ZON 2,SK,3.160200,101.690200,8.7
SMK CONTOH 3,EX003,ZON 3,SMK,3.170300,101.700300,11.4
SJKC CONTOH 4,EX004,ZON 4,SJKC,3.180400,101.710400,14.1
SK CONTOH 5,EX005,ZON 5,SK,3.190500,101.720500,16.8
SMK CONTOH 6,EX006,ZON 6,SMK,3.200600,101.730600,19.5
SK CONTOH 7,EX007,ZON 7,SK,3.210700,101.740700,22.2
SMK CONTOH 8,EX008,ZON 8,SMK,3.220800,101.750800,24.9
PPD CONTOH,PPD-CONTOH,ZON PPD,PPD,3.139000,101.686900,0
